ticket,symbol,timeframe,action,score,blended_score,ml_win_prob,news_boost,zone_boost,ema_boost,rr,htf_consensus,htf_5m,htf_30m,htf_1h,hour,day_of_week,had_choch_switch,had_choch_confirm,had_choch_reject,had_cisd,had_ob_confluence,had_fvg_confluence,stoch_cross,ema50_aligned,lg_pattern,lg_strength_parsed,outcome,profit,closed_at
1432228547,BTC,5m,sell,85.6,83.5,0.108,0.0,0.0,15.0,1.5,bearish,bearish,,bearish,2,3,False,False,False,False,True,False,False,False,wick_rejection,0.065,1,0.42,2026-06-25T03:18:52.313269
1432364141,BTC,15m,sell,110.1,108.4,0.111,0.0,0.0,15.0,1.5,bearish,bearish,,bearish,2,3,False,False,False,False,True,False,False,True,wick_rejection,0.083,0,0.0,2026-06-25T03:19:52.315554
1432506215,BTC,5m,sell,108.5,115.7,0.341,0.0,0.0,15.0,1.5,bearish,bearish,,bearish,3,3,False,False,False,False,True,False,False,False,wick_rejection,0.013,1,1.15,2026-06-25T03:55:35.778950
1432540972,BTC,5m,sell,107.8,120.6,0.474,0.0,0.0,15.0,1.5,bearish,bearish,,bearish,3,3,False,False,False,False,True,False,False,False,wick_rejection,0.013,1,2.42,2026-06-25T03:55:35.784603
1432853321,BTC,5m,sell,94.1,101.5,0.34,0.0,0.0,15.0,1.5,bearish,bearish,,bearish,4,3,False,False,False,False,True,False,False,True,wick_rejection,0.013,0,-2.82,2026-06-25T05:24:35.778527
1432900175,BTC,5m,sell,87.3,109.6,0.713,0.0,0.0,15.0,1.5,bearish,bearish,,bearish,4,3,False,False,False,False,True,False,False,False,wick_rejection,0.005,0,-2.49,2026-06-25T05:39:35.784247
1432987986,BTC,5m,sell,89.8,102.0,0.461,0.0,0.0,15.0,1.5,bearish,bearish,,bearish,5,3,False,False,False,False,True,False,True,False,wick_rejection,0.018,0,-2.01,2026-06-25T05:45:35.785391
1433043465,BTC,15m,sell,107.3,110.3,0.229,0.0,0.0,15.0,1.5,bearish,bearish,,bearish,5,3,False,False,False,False,True,False,False,False,wick_rejection,0.033,0,-4.97,2026-06-25T05:53:35.781281
1433673861,EURUSD,5m,buy,122.5,109.4,0.114,0.0,0.0,0.0,1.5,bullish,neutral,,bullish,8,3,False,False,False,True,False,True,True,False,wick_rejection,0.016,0,-2.1,2026-06-25T08:14:35.786012
1434195415,ETH,5m,buy,121.5,103.8,0.142,0.0,0.0,0.0,1.5,bullish,bullish,,bullish,9,3,False,False,False,False,True,False,True,True,wick_rejection,0.015,0,-0.92,2026-06-25T09:58:35.787617
1434234834,ETH,5m,buy,129.3,110.1,0.104,0.0,0.0,0.0,1.5,bullish,bullish,,bullish,9,3,False,False,False,False,True,False,False,True,wick_rejection,0.013,0,0.0,2026-06-25T10:18:35.791812
1434340048,ETH,5m,buy,128.6,110.6,0.136,0.0,0.0,0.0,1.5,bullish,bullish,,bullish,10,3,False,False,False,False,True,False,False,True,wick_rejection,0.013,0,-0.88,2026-06-25T10:22:35.791657
1434370204,GBPJPY,5m,buy,98.0,110.3,0.581,0.0,10.0,0.0,1.5,bullish,bullish,,bullish,10,3,False,False,False,False,False,True,False,True,sweep_recovery,0.007,0,-3.24,2026-06-25T10:45:35.788831
1434423737,GBPJPY,5m,buy,99.2,94.4,0.152,0.0,10.0,0.0,1.5,bullish,bullish,,bullish,10,3,False,False,False,False,False,True,False,True,sweep_recovery,0.007,0,-3.55,2026-06-25T10:42:35.792918
1434423916,EURUSD,5m,buy,108.6,96.1,0.153,0.0,0.0,0.0,1.5,bullish,bullish,,bullish,10,3,False,False,False,False,False,True,False,True,wick_rejection,0.004,0,-2.04,2026-06-25T10:46:35.784306
1434473819,EURUSD,5m,buy,122.9,115.0,0.268,0.0,0.0,0.0,1.5,bullish,bullish,,bullish,10,3,False,False,False,False,False,True,False,True,wick_rejection,0.004,0,-1.92,2026-06-25T11:03:35.792779
1434502012,GBPJPY,5m,buy,145.3,150.7,0.407,0.0,10.0,0.0,1.5,bullish,bullish,,bullish,10,3,False,False,False,True,False,True,True,True,wick_rejection,0.002,0,-3.83,2026-06-25T11:01:35.788542
1434521768,EURUSD,5m,buy,128.9,126.8,0.413,0.0,0.0,0.0,1.49,bullish,bullish,,bullish,10,3,False,False,False,True,False,True,True,True,sweep_recovery,0.009,0,-1.95,2026-06-25T11:03:35.787467
1435486131,ETH,5m,sell,124.1,107.2,0.165,0.0,0.0,0.0,1.5,bearish,bearish,,bearish,13,3,False,True,False,False,True,False,True,True,wick_rejection,0.024,1,3.12,2026-06-25T14:31:32.067816
1435849566,ETH,5m,sell,117.1,99.4,0.146,0.0,0.0,0.0,1.5,bearish,bearish,,bearish,14,3,False,False,False,False,True,False,False,True,wick_rejection,0.005,1,3.25,2026-06-25T14:31:32.060860
1436352742,XAUUSD,5m,buy,138.7,129.2,0.128,0.0,0.0,0.0,1.5,bullish,bullish,,bullish,15,3,False,False,False,True,True,False,True,True,wick_rejection,0.238,0,0.0,2026-06-25T15:54:32.066021
1436542972,XAUUSD,5m,buy,105.0,91.7,0.158,0.0,0.0,0.0,1.5,bullish,bullish,,bullish,15,3,False,False,False,False,True,False,False,True,wick_rejection,0.238,0,0.0,2026-06-25T15:54:32.070974
1436608996,GBPJPY,5m,buy,117.0,113.6,0.199,0.0,10.0,0.0,1.5,bullish,bullish,,bullish,15,3,False,False,False,False,False,True,True,True,wick_rejection,0.011,1,4.7,2026-06-25T17:44:32.068377
1436721843,GBPJPY,5m,buy,113.2,137.3,0.762,0.0,15.0,0.0,1.5,bullish,bullish,,bullish,15,3,False,False,False,False,False,True,True,True,wick_rejection,0.002,1,0.06,2026-06-25T16:11:32.055172
1436729090,ETH,5m,sell,118.2,141.4,0.792,0.0,0.0,15.0,1.5,bearish,bearish,,bearish,15,3,False,False,False,False,True,False,False,True,wick_rejection,0.408,1,4.3,2026-06-25T16:19:32.054911
1436917287,ETH,5m,sell,106.1,111.3,0.342,0.0,0.0,15.0,1.5,bearish,bearish,,bearish,16,3,False,False,False,False,True,False,False,True,wick_rejection,0.286,0,-5.38,2026-06-25T17:07:32.074513
1437055698,ETH,5m,sell,107.1,103.8,0.131,0.0,0.0,15.0,1.5,bearish,bearish,,bearish,16,3,False,False,False,False,True,False,True,True,wick_rejection,0.049,0,-4.64,2026-06-25T17:07:32.068563
1437103643,BTC,5m,buy,116.7,116.0,0.514,0.0,0.0,0.0,1.5,bullish,bullish,,bullish,16,3,False,False,False,False,True,False,True,False,wick_rejection,0.046,1,13.52,2026-06-25T17:10:32.066681
1437164501,BTC,5m,buy,116.7,123.4,0.7,0.0,0.0,0.0,1.5,bullish,bullish,,bullish,16,3,False,False,False,False,True,False,True,False,wick_rejection,0.019,1,13.01,2026-06-25T17:10:32.061080
1437664436,BTC,5m,buy,91.2,75.3,0.131,0.0,0.0,0.0,1.5,bullish,bullish,,bullish,18,3,False,False,False,False,False,False,True,False,wick_rejection,0.035,1,3.64,2026-06-25T18:20:32.066618
1437723700,BTC,5m,buy,90.0,73.8,0.123,0.0,0.0,0.0,1.5,bullish,bullish,,bullish,18,3,False,False,False,False,True,False,True,False,wick_rejection,0.035,0,0.0,2026-06-25T18:52:32.065812
1437888795,BTC,5m,buy,111.1,84.2,0.106,0.0,-10.0,0.0,1.5,bullish,bullish,,bullish,18,3,False,False,False,True,True,False,True,False,wick_rejection,0.051,0,-5.32,2026-06-25T19:47:32.059296
1439640683,ETH,5m,sell,115.5,137.9,0.767,0.0,0.0,15.0,1.5,bearish,bearish,,bearish,4,4,False,False,False,False,True,False,False,True,wick_rejection,0.121,0,-3.79,2026-06-26T04:46:15.201319
1439799910,BTC,5m,sell,124.9,151.1,0.808,0.0,0.0,15.0,1.5,bearish,bearish,,bearish,5,4,False,False,False,False,True,False,True,False,wick_rejection,0.19,0,-7.61,2026-06-26T07:40:15.210806
1439799916,ETH,15m,sell,110.2,115.0,0.213,0.0,0.0,15.0,1.5,bearish,bearish,,bearish,5,4,False,False,False,False,True,False,True,True,wick_rejection,0.088,0,-6.04,2026-06-26T07:47:15.206243
1439826449,BTC,5m,sell,120.8,130.7,0.401,0.0,0.0,15.0,1.5,bearish,bearish,,bearish,5,4,False,False,False,False,True,False,False,False,wick_rejection,0.19,0,-0.04,2026-06-26T06:28:15.204377
1440312118,BTC,15m,sell,97.5,97.2,0.151,0.0,0.0,15.0,1.5,bearish,bearish,,bearish,7,4,False,False,False,False,True,False,False,False,wick_rejection,0.036,0,-9.01,2026-06-26T08:15:15.209954
1440559483,GBPJPY,5m,buy,110.9,93.7,0.095,0.0,0.0,0.0,1.5,bullish,bullish,,bullish,8,4,False,False,False,False,False,True,True,False,wick_rejection,0.007,1,3.03,2026-06-26T08:50:15.204204
1440693989,GBPJPY,5m,buy,93.1,86.8,0.118,0.0,10.0,0.0,1.5,bullish,neutral,,bullish,9,4,False,False,False,False,False,True,True,True,wick_rejection,0.027,1,3.56,2026-06-26T10:00:15.210550
1440740180,GBPJPY,5m,buy,89.9,82.9,0.101,0.0,10.0,0.0,1.5,bullish,neutral,,bullish,9,4,False,False,False,False,False,True,False,True,wick_rejection,0.015,1,3.37,2026-06-26T10:00:15.215546
1440768350,XAUUSD,5m,buy,100.8,91.3,0.147,0.0,0.0,0.0,1.5,bullish,bullish,,bullish,9,4,False,False,False,False,True,False,False,True,wick_rejection,0.048,1,2.74,2026-06-26T10:19:15.209150
1440788111,XAUUSD,5m,buy,105.4,95.0,0.124,0.0,0.0,0.0,1.5,bullish,bullish,,bullish,9,4,False,False,False,False,True,False,False,True,wick_rejection,0.048,1,4.72,2026-06-26T10:14:15.208573
1441353156,GBPJPY,5m,buy,92.3,82.2,0.257,0.0,0.0,0.0,1.5,bullish,bullish,,bullish,11,4,False,False,False,False,False,True,False,True,wick_rejection,0.005,0,-2.47,2026-06-26T12:53:15.216526
1441353203,EURUSD,5m,buy,101.4,128.2,0.81,0.0,15.0,0.0,1.51,bullish,neutral,,bullish,11,4,False,False,False,True,False,True,False,True,wick_rejection,0.004,0,-1.95,2026-06-26T12:36:15.204045
1441389155,GBPJPY,5m,buy,97.4,83.5,0.163,0.0,0.0,0.0,1.5,bullish,bullish,,bullish,11,4,False,False,False,False,False,True,False,True,wick_rejection,0.005,1,0.06,2026-06-26T12:15:15.212125
1441399755,XAUUSD,5m,buy,104.3,99.4,0.245,0.0,0.0,0.0,1.5,bullish,bullish,,bullish,11,4,False,False,False,False,True,False,False,True,wick_rejection,0.048,1,2.11,2026-06-26T12:11:15.356256
1441404599,EURUSD,15m,buy,119.3,105.8,0.187,0.0,0.0,0.0,1.5,bullish,bullish,,bullish,11,4,False,False,False,False,False,True,False,True,wick_rejection,0.001,0,-2.55,2026-06-26T12:53:15.212558
1441603616,XAUUSD,5m,buy,101.4,92.3,0.139,0.0,0.0,0.0,1.5,bullish,bullish,,bullish,12,4,False,False,False,False,True,False,False,True,wick_rejection,0.012,0,-6.93,2026-06-26T12:50:15.211355
1441655857,XAUUSD,5m,buy,104.1,100.0,0.14,0.0,5.0,0.0,1.5,bullish,bullish,,bullish,12,4,False,False,False,False,True,False,False,True,wick_rejection,0.012,0,-6.62,2026-06-26T12:51:15.202231
1441674293,GBPJPY,5m,buy,111.6,97.8,0.166,0.0,0.0,0.0,1.5,bullish,bullish,,bullish,12,4,False,False,False,False,False,True,True,True,wick_rejection,0.012,0,-2.72,2026-06-26T12:53:15.206530
1441770753,EURUSD,5m,buy,123.5,137.0,0.852,0.0,0.0,0.0,1.51,bullish,bullish,,bullish,13,4,False,False,False,True,False,True,True,True,sweep_recovery,0.023,1,1.38,2026-06-26T13:49:49.479242
1441775605,GBPJPY,5m,buy,95.9,85.3,0.245,0.0,0.0,0.0,1.5,bullish,bullish,,bullish,13,4,False,False,False,False,False,True,True,True,sweep_recovery,0.013,0,-3.5,2026-06-26T13:21:15.207891
1441834098,ETH,5m,sell,110.8,127.1,0.617,0.0,0.0,15.0,1.5,bearish,bearish,,bearish,13,4,False,False,False,False,True,False,False,True,wick_rejection,0.088,0,-1.68,2026-06-26T13:33:49.480062
1441920286,ETH,5m,sell,133.0,129.2,0.116,0.0,0.0,15.0,1.5,bearish,bearish,,bearish,13,4,False,False,False,True,True,False,True,True,wick_rejection,0.374,1,3.0,2026-06-26T13:40:49.638713
1442556634,ETH,5m,sell,102.4,100.5,0.163,0.0,0.0,15.0,1.5,bearish,bearish,,bearish,14,4,False,False,False,False,True,False,False,True,wick_rejection,0.153,0,-3.64,2026-06-26T14:55:49.488634
